-- phpMyAdmin SQL Dump
-- version 5.0.1
-- https://www.phpmyadmin.net/
--
-- Máy chủ: 127.0.0.1
-- Thời gian đã tạo: Th6 13, 2020 lúc 08:25 AM
-- Phiên bản máy phục vụ: 10.4.11-MariaDB
-- Phiên bản PHP: 7.4.3

SET SQL_MODE = "NO_AUTO_VALUE_ON_ZERO";
SET AUTOCOMMIT = 0;
START TRANSACTION;
SET time_zone = "+00:00";


/*!40101 SET @OLD_CHARACTER_SET_CLIENT=@@CHARACTER_SET_CLIENT */;
/*!40101 SET @OLD_CHARACTER_SET_RESULTS=@@CHARACTER_SET_RESULTS */;
/*!40101 SET @OLD_COLLATION_CONNECTION=@@COLLATION_CONNECTION */;
/*!40101 SET NAMES utf8mb4 */;

--
-- Cơ sở dữ liệu: `onlinebooking`
--

-- --------------------------------------------------------

--
-- Cấu trúc bảng cho bảng `chuyenbay`
--

CREATE TABLE `chuyenbay` (
  `idChuyenBay` int(11) NOT NULL,
  `tenhang` varchar(100) COLLATE utf8mb4_unicode_ci NOT NULL,
  `sohieu` varchar(20) COLLATE utf8mb4_unicode_ci NOT NULL,
  `ngaybay` date NOT NULL,
  `giobay` time NOT NULL,
  `loaive` int(11) NOT NULL,
  `giave` double NOT NULL,
  `idLoTrinh` int(11) NOT NULL
) ENGINE=InnoDB DEFAULT CHARSET=utf8mb4 COLLATE=utf8mb4_unicode_ci;

--
-- Đang đổ dữ liệu cho bảng `chuyenbay`
--

INSERT INTO `chuyenbay` (`idChuyenBay`, `tenhang`, `sohieu`, `ngaybay`, `giobay`, `loaive`, `giave`, `idLoTrinh`) VALUES
(1, 'Vietjet Air', 'VJA-8206', '2020-05-25', '20:00:00', 1, 100, 1),
(2, 'Vietjet Air', 'VJA-8206', '2020-05-26', '20:00:00', 2, 90, 2),
(3, 'Vietjet Air', 'VJA-8207', '2020-05-27', '21:00:00', 3, 80, 1),
(4, 'Vietjet Air', 'VJA-8208', '2020-05-28', '22:00:00', 4, 95, 2),
(5, 'Vietjet Air', 'VJA-8209', '2020-05-29', '23:00:00', 1, 110, 1),
(6, 'VietNam Airline', 'VNA-8206', '2020-05-25', '20:00:00', 4, 100, 1),
(7, 'VietNam Airline', 'VNA-8206', '2020-05-26', '20:00:00', 2, 90, 2),
(8, 'VietNam Airline', 'VNA-8207', '2020-05-27', '21:00:00', 3, 80, 1),
(11, 'Bamboo Airways', 'QH-520', '2020-05-20', '01:00:00', 4, 200, 17),
(12, 'Bamboo Airways', 'QH-532', '2020-05-20', '00:00:00', 2, 100, 24),
(13, 'Bamboo Airways', 'QH-5120', '2020-05-20', '01:00:00', 4, 200, 12),
(14, 'Bamboo Airways', 'QH-5132', '2020-05-20', '00:00:00', 4, 200, 25),
(15, 'Bamboo Airways', 'QH-AB520', '2020-05-20', '01:00:00', 1, 50, 8),
(16, 'Bamboo Airways', 'QH-AB532', '2020-05-20', '00:00:00', 1, 50, 31),
(17, 'Bamboo Airways', 'QH-5M20', '2020-05-20', '01:00:00', 3, 150, 11),
(18, 'Bamboo Airways', 'QH-5M32', '2020-05-20', '00:00:00', 4, 200, 15),
(19, 'Jetstar Pacific Airlines', 'BL-520', '2020-05-20', '01:00:00', 3, 150, 13),
(20, 'Jetstar Pacific Airlines', 'BL-532', '2020-05-20', '00:00:00', 4, 200, 31),
(21, 'Jetstar Pacific Airlines', 'BL-5120', '2020-05-20', '01:00:00', 2, 100, 37),
(22, 'Jetstar Pacific Airlines', 'BL-5132', '2020-05-20', '00:00:00', 2, 100, 28),
(23, 'Jetstar Pacific Airlines', 'BL-0520', '2020-05-20', '01:00:00', 2, 100, 18),
(24, 'Jetstar Pacific Airlines', 'BL-0532', '2020-05-20', '00:00:00', 1, 50, 25),
(25, 'Jetstar Pacific Airlines', 'BL-5120', '2020-05-20', '01:00:00', 2, 100, 4),
(26, 'Jetstar Pacific Airlines', 'BL-5132', '2020-05-20', '00:00:00', 4, 200, 39),
(27, 'Vietjet Air', 'VJA-520', '2020-05-20', '00:00:00', 2, 100, 2),
(28, 'Vietjet Air', 'VJA-532', '2020-05-20', '01:00:00', 2, 100, 10),
(29, 'Vietjet Air', 'VJA-5220', '2020-05-20', '00:00:00', 4, 200, 24),
(30, 'Vietjet Air', 'VJA-5232', '2020-05-20', '01:00:00', 2, 100, 10),
(31, 'Vietjet Air', 'VJA-A520', '2020-05-20', '00:00:00', 4, 200, 30),
(32, 'Vietjet Air', 'VJA-A532', '2020-05-20', '01:00:00', 4, 200, 41),
(33, 'Vietjet Air', 'VJA-5X20', '2020-05-20', '00:00:00', 1, 50, 32),
(34, 'Vietjet Air', 'VJA-5X32', '2020-05-20', '01:00:00', 1, 50, 24),
(35, 'VietNam Airline', 'VNA-520', '2020-05-20', '00:00:00', 2, 100, 19),
(36, 'VietNam Airline', 'VNA-532', '2020-05-20', '01:00:00', 2, 100, 23),
(37, 'VietNam Airline', 'VNA-5020', '2020-05-20', '00:00:00', 1, 50, 18),
(38, 'VietNam Airline', 'VNA-5032', '2020-05-20', '01:00:00', 3, 150, 39),
(39, 'VietNam Airline', 'VNA-5120', '2020-05-20', '00:00:00', 4, 200, 14),
(40, 'VietNam Airline', 'VNA-5132', '2020-05-20', '01:00:00', 2, 100, 26),
(41, 'VietNam Airline', 'VNA-5320', '2020-05-20', '00:00:00', 1, 50, 12),
(42, 'VietNam Airline', 'VNA-5332', '2020-05-20', '01:00:00', 2, 100, 11),
(43, 'VietNam Airline', 'VNA-5520', '2020-05-20', '00:00:00', 4, 200, 9),
(44, 'VietNam Airline', 'VNA-5532', '2020-05-20', '01:00:00', 3, 150, 7),
(45, 'VietNam Airline', 'VNA-5A20', '2020-05-20', '00:00:00', 1, 50, 1),
(46, 'VietNam Airline', 'VNA-5A32', '2020-05-20', '01:00:00', 1, 50, 2),
(47, 'VietNam Airline', 'VNA-5A44', '2020-05-20', '00:00:00', 3, 150, 17),
(48, 'VietNam Airline', 'VNA-5A56', '2020-05-20', '01:00:00', 1, 50, 12),
(49, 'VietNam Airline', 'VNA-5QH20', '2020-05-20', '00:00:00', 3, 150, 26),
(50, 'VietNam Airline', 'VNA-5QH32', '2020-05-20', '01:00:00', 3, 150, 13),
(51, 'Bamboo Airways', 'QH-521', '2020-05-21', '03:00:00', 1, 50, 10),
(52, 'Bamboo Airways', 'QH-533', '2020-05-21', '02:00:00', 4, 200, 30),
(53, 'Bamboo Airways', 'QH-5121', '2020-05-21', '03:00:00', 3, 150, 16),
(54, 'Bamboo Airways', 'QH-5133', '2020-05-21', '02:00:00', 1, 50, 42),
(55, 'Bamboo Airways', 'QH-AB521', '2020-05-21', '03:00:00', 4, 200, 13),
(56, 'Bamboo Airways', 'QH-AB533', '2020-05-21', '02:00:00', 1, 50, 18),
(57, 'Bamboo Airways', 'QH-5M21', '2020-05-21', '03:00:00', 2, 100, 20),
(58, 'Bamboo Airways', 'QH-5M33', '2020-05-21', '02:00:00', 1, 50, 33),
(59, 'Jetstar Pacific Airlines', 'BL-521', '2020-05-21', '03:00:00', 4, 200, 21),
(60, 'Jetstar Pacific Airlines', 'BL-533', '2020-05-21', '02:00:00', 4, 200, 35),
(61, 'Jetstar Pacific Airlines', 'BL-5121', '2020-05-21', '03:00:00', 2, 100, 26),
(62, 'Jetstar Pacific Airlines', 'BL-5133', '2020-05-21', '02:00:00', 1, 50, 22),
(63, 'Jetstar Pacific Airlines', 'BL-0521', '2020-05-21', '03:00:00', 2, 100, 26),
(64, 'Jetstar Pacific Airlines', 'BL-0533', '2020-05-21', '02:00:00', 2, 100, 5),
(65, 'Jetstar Pacific Airlines', 'BL-5121', '2020-05-21', '03:00:00', 4, 200, 27),
(66, 'Jetstar Pacific Airlines', 'BL-5133', '2020-05-21', '02:00:00', 4, 200, 19),
(67, 'Vietjet Air', 'VJA-521', '2020-05-21', '02:00:00', 3, 150, 36),
(68, 'Vietjet Air', 'VJA-533', '2020-05-21', '03:00:00', 2, 100, 2),
(69, 'Vietjet Air', 'VJA-5221', '2020-05-21', '02:00:00', 3, 150, 5),
(70, 'Vietjet Air', 'VJA-5233', '2020-05-21', '03:00:00', 3, 150, 37),
(71, 'Vietjet Air', 'VJA-A521', '2020-05-21', '02:00:00', 1, 50, 7),
(72, 'Vietjet Air', 'VJA-A533', '2020-05-21', '03:00:00', 2, 100, 23),
(73, 'Vietjet Air', 'VJA-5X21', '2020-05-21', '02:00:00', 1, 50, 20),
(74, 'Vietjet Air', 'VJA-5X33', '2020-05-21', '03:00:00', 3, 150, 26),
(75, 'VietNam Airline', 'VNA-521', '2020-05-21', '02:00:00', 4, 200, 38),
(76, 'VietNam Airline', 'VNA-533', '2020-05-21', '03:00:00', 1, 50, 38),
(77, 'VietNam Airline', 'VNA-5021', '2020-05-21', '02:00:00', 4, 200, 32),
(78, 'VietNam Airline', 'VNA-5033', '2020-05-21', '03:00:00', 1, 50, 28),
(79, 'VietNam Airline', 'VNA-5121', '2020-05-21', '02:00:00', 3, 150, 37),
(80, 'VietNam Airline', 'VNA-5133', '2020-05-21', '03:00:00', 2, 100, 38),
(81, 'VietNam Airline', 'VNA-5321', '2020-05-21', '02:00:00', 1, 50, 33),
(82, 'VietNam Airline', 'VNA-5333', '2020-05-21', '03:00:00', 2, 100, 22),
(83, 'VietNam Airline', 'VNA-5521', '2020-05-21', '02:00:00', 3, 150, 41),
(84, 'VietNam Airline', 'VNA-5533', '2020-05-21', '03:00:00', 4, 200, 33),
(85, 'VietNam Airline', 'VNA-5A21', '2020-05-21', '02:00:00', 2, 100, 25),
(86, 'VietNam Airline', 'VNA-5A33', '2020-05-21', '03:00:00', 3, 150, 10),
(87, 'VietNam Airline', 'VNA-5A45', '2020-05-21', '02:00:00', 2, 100, 2),
(88, 'VietNam Airline', 'VNA-5A57', '2020-05-21', '03:00:00', 2, 100, 19),
(89, 'VietNam Airline', 'VNA-5QH21', '2020-05-21', '02:00:00', 2, 100, 38),
(90, 'VietNam Airline', 'VNA-5QH33', '2020-05-21', '03:00:00', 1, 50, 19),
(91, 'Bamboo Airways', 'QH-522', '2020-05-22', '05:00:00', 1, 50, 24),
(92, 'Bamboo Airways', 'QH-534', '2020-05-22', '04:00:00', 1, 50, 36),
(93, 'Bamboo Airways', 'QH-5122', '2020-05-22', '05:00:00', 4, 200, 28),
(94, 'Bamboo Airways', 'QH-5134', '2020-05-22', '04:00:00', 4, 200, 22),
(95, 'Bamboo Airways', 'QH-AB522', '2020-05-22', '05:00:00', 1, 50, 1),
(96, 'Bamboo Airways', 'QH-AB534', '2020-05-22', '04:00:00', 1, 50, 39),
(97, 'Bamboo Airways', 'QH-5M22', '2020-05-22', '05:00:00', 3, 150, 39),
(98, 'Bamboo Airways', 'QH-5M34', '2020-05-22', '04:00:00', 1, 50, 20),
(99, 'Jetstar Pacific Airlines', 'BL-522', '2020-05-22', '05:00:00', 1, 50, 8),
(100, 'Jetstar Pacific Airlines', 'BL-534', '2020-05-22', '04:00:00', 3, 150, 15),
(101, 'Jetstar Pacific Airlines', 'BL-5122', '2020-05-22', '05:00:00', 3, 150, 11),
(102, 'Jetstar Pacific Airlines', 'BL-5134', '2020-05-22', '04:00:00', 2, 100, 33),
(103, 'Jetstar Pacific Airlines', 'BL-0522', '2020-05-22', '05:00:00', 1, 50, 29),
(104, 'Jetstar Pacific Airlines', 'BL-0534', '2020-05-22', '04:00:00', 3, 150, 25),
(105, 'Jetstar Pacific Airlines', 'BL-5122', '2020-05-22', '05:00:00', 2, 100, 21),
(106, 'Jetstar Pacific Airlines', 'BL-5134', '2020-05-22', '04:00:00', 1, 50, 14),
(107, 'Vietjet Air', 'VJA-522', '2020-05-22', '04:00:00', 1, 50, 27),
(108, 'Vietjet Air', 'VJA-534', '2020-05-22', '05:00:00', 4, 200, 2),
(109, 'Vietjet Air', 'VJA-5222', '2020-05-22', '04:00:00', 2, 100, 12),
(110, 'Vietjet Air', 'VJA-5234', '2020-05-22', '05:00:00', 2, 100, 23),
(111, 'Vietjet Air', 'VJA-A522', '2020-05-22', '04:00:00', 3, 150, 42),
(112, 'Vietjet Air', 'VJA-A534', '2020-05-22', '05:00:00', 1, 50, 20),
(113, 'Vietjet Air', 'VJA-5X22', '2020-05-22', '04:00:00', 1, 50, 18),
(114, 'Vietjet Air', 'VJA-5X34', '2020-05-22', '05:00:00', 4, 200, 25),
(115, 'VietNam Airline', 'VNA-522', '2020-05-22', '04:00:00', 2, 100, 40),
(116, 'VietNam Airline', 'VNA-534', '2020-05-22', '05:00:00', 3, 150, 27),
(117, 'VietNam Airline', 'VNA-5022', '2020-05-22', '04:00:00', 3, 150, 35),
(118, 'VietNam Airline', 'VNA-5034', '2020-05-22', '05:00:00', 4, 200, 12),
(119, 'VietNam Airline', 'VNA-5122', '2020-05-22', '04:00:00', 3, 150, 33),
(120, 'VietNam Airline', 'VNA-5134', '2020-05-22', '05:00:00', 4, 200, 17),
(121, 'VietNam Airline', 'VNA-5322', '2020-05-22', '04:00:00', 4, 200, 11),
(122, 'VietNam Airline', 'VNA-5334', '2020-05-22', '05:00:00', 1, 50, 14),
(123, 'VietNam Airline', 'VNA-5522', '2020-05-22', '04:00:00', 1, 50, 36),
(124, 'VietNam Airline', 'VNA-5534', '2020-05-22', '05:00:00', 4, 200, 19),
(125, 'VietNam Airline', 'VNA-5A22', '2020-05-22', '04:00:00', 3, 150, 6),
(126, 'VietNam Airline', 'VNA-5A34', '2020-05-22', '05:00:00', 2, 100, 18),
(127, 'VietNam Airline', 'VNA-5A46', '2020-05-22', '04:00:00', 4, 200, 41),
(128, 'VietNam Airline', 'VNA-5A58', '2020-05-22', '05:00:00', 4, 200, 37),
(129, 'VietNam Airline', 'VNA-5QH22', '2020-05-22', '04:00:00', 2, 100, 29),
(130, 'VietNam Airline', 'VNA-5QH34', '2020-05-22', '05:00:00', 1, 50, 2),
(131, 'Bamboo Airways', 'QH-523', '2020-05-23', '07:00:00', 3, 150, 38),
(132, 'Bamboo Airways', 'QH-535', '2020-05-23', '06:00:00', 4, 200, 16),
(133, 'Bamboo Airways', 'QH-5123', '2020-05-23', '07:00:00', 1, 50, 20),
(134, 'Bamboo Airways', 'QH-5135', '2020-05-23', '06:00:00', 4, 200, 17),
(135, 'Bamboo Airways', 'QH-AB523', '2020-05-23', '07:00:00', 2, 100, 37),
(136, 'Bamboo Airways', 'QH-AB535', '2020-05-23', '06:00:00', 2, 100, 11),
(137, 'Bamboo Airways', 'QH-5M23', '2020-05-23', '07:00:00', 2, 100, 1),
(138, 'Bamboo Airways', 'QH-5M35', '2020-05-23', '06:00:00', 2, 100, 42),
(139, 'Jetstar Pacific Airlines', 'BL-523', '2020-05-23', '07:00:00', 3, 150, 1),
(140, 'Jetstar Pacific Airlines', 'BL-535', '2020-05-23', '06:00:00', 3, 150, 11),
(141, 'Jetstar Pacific Airlines', 'BL-5123', '2020-05-23', '07:00:00', 1, 50, 23),
(142, 'Jetstar Pacific Airlines', 'BL-5135', '2020-05-23', '06:00:00', 4, 200, 24),
(143, 'Jetstar Pacific Airlines', 'BL-0523', '2020-05-23', '07:00:00', 4, 200, 17),
(144, 'Jetstar Pacific Airlines', 'BL-0535', '2020-05-23', '06:00:00', 1, 50, 17),
(145, 'Jetstar Pacific Airlines', 'BL-5123', '2020-05-23', '07:00:00', 1, 50, 38),
(146, 'Jetstar Pacific Airlines', 'BL-5135', '2020-05-23', '06:00:00', 3, 150, 2),
(147, 'Vietjet Air', 'VJA-523', '2020-05-23', '06:00:00', 1, 50, 5),
(148, 'Vietjet Air', 'VJA-535', '2020-05-23', '07:00:00', 3, 150, 33),
(149, 'Vietjet Air', 'VJA-5223', '2020-05-23', '06:00:00', 1, 50, 5),
(150, 'Vietjet Air', 'VJA-5235', '2020-05-23', '07:00:00', 3, 150, 13),
(151, 'Vietjet Air', 'VJA-A523', '2020-05-23', '06:00:00', 3, 150, 9),
(152, 'Vietjet Air', 'VJA-A535', '2020-05-23', '07:00:00', 3, 150, 27),
(153, 'Vietjet Air', 'VJA-5X23', '2020-05-23', '06:00:00', 2, 100, 20),
(154, 'Vietjet Air', 'VJA-5X35', '2020-05-23', '07:00:00', 2, 100, 4),
(155, 'VietNam Airline', 'VNA-523', '2020-05-23', '06:00:00', 4, 200, 28),
(156, 'VietNam Airline', 'VNA-535', '2020-05-23', '07:00:00', 3, 150, 5),
(157, 'VietNam Airline', 'VNA-5023', '2020-05-23', '06:00:00', 2, 100, 6),
(158, 'VietNam Airline', 'VNA-5035', '2020-05-23', '07:00:00', 2, 100, 23),
(159, 'VietNam Airline', 'VNA-5123', '2020-05-23', '06:00:00', 2, 100, 36),
(160, 'VietNam Airline', 'VNA-5135', '2020-05-23', '07:00:00', 4, 200, 35),
(161, 'VietNam Airline', 'VNA-5323', '2020-05-23', '06:00:00', 1, 50, 18),
(162, 'VietNam Airline', 'VNA-5335', '2020-05-23', '07:00:00', 3, 150, 8),
(163, 'VietNam Airline', 'VNA-5523', '2020-05-23', '06:00:00', 2, 100, 23),
(164, 'VietNam Airline', 'VNA-5535', '2020-05-23', '07:00:00', 2, 100, 2),
(165, 'VietNam Airline', 'VNA-5A23', '2020-05-23', '06:00:00', 2, 100, 11),
(166, 'VietNam Airline', 'VNA-5A35', '2020-05-23', '07:00:00', 4, 200, 11),
(167, 'VietNam Airline', 'VNA-5A47', '2020-05-23', '06:00:00', 1, 50, 10),
(168, 'VietNam Airline', 'VNA-5A59', '2020-05-23', '07:00:00', 1, 50, 17),
(169, 'VietNam Airline', 'VNA-5QH23', '2020-05-23', '06:00:00', 2, 100, 18),
(170, 'VietNam Airline', 'VNA-5QH35', '2020-05-23', '07:00:00', 4, 200, 28),
(171, 'Bamboo Airways', 'QH-524', '2020-05-24', '09:00:00', 4, 200, 3),
(172, 'Bamboo Airways', 'QH-536', '2020-05-24', '08:00:00', 4, 200, 12),
(173, 'Bamboo Airways', 'QH-5124', '2020-05-24', '09:00:00', 2, 100, 22),
(174, 'Bamboo Airways', 'QH-5136', '2020-05-24', '08:00:00', 1, 50, 37),
(175, 'Bamboo Airways', 'QH-AB524', '2020-05-24', '09:00:00', 4, 200, 24),
(176, 'Bamboo Airways', 'QH-AB536', '2020-05-24', '08:00:00', 4, 200, 1),
(177, 'Bamboo Airways', 'QH-5M24', '2020-05-24', '09:00:00', 4, 200, 27),
(178, 'Bamboo Airways', 'QH-5M36', '2020-05-24', '08:00:00', 3, 150, 11),
(179, 'Jetstar Pacific Airlines', 'BL-524', '2020-05-24', '09:00:00', 1, 50, 23),
(180, 'Jetstar Pacific Airlines', 'BL-536', '2020-05-24', '08:00:00', 2, 100, 38),
(181, 'Jetstar Pacific Airlines', 'BL-5124', '2020-05-24', '09:00:00', 2, 100, 41),
(182, 'Jetstar Pacific Airlines', 'BL-5136', '2020-05-24', '08:00:00', 2, 100, 31),
(183, 'Jetstar Pacific Airlines', 'BL-0524', '2020-05-24', '09:00:00', 2, 100, 9),
(184, 'Jetstar Pacific Airlines', 'BL-0536', '2020-05-24', '08:00:00', 1, 50, 3),
(185, 'Jetstar Pacific Airlines', 'BL-5124', '2020-05-24', '09:00:00', 1, 50, 40),
(186, 'Jetstar Pacific Airlines', 'BL-5136', '2020-05-24', '08:00:00', 1, 50, 25),
(187, 'Vietjet Air', 'VJA-524', '2020-05-24', '08:00:00', 1, 50, 20),
(188, 'Vietjet Air', 'VJA-536', '2020-05-24', '09:00:00', 2, 100, 32),
(189, 'Vietjet Air', 'VJA-5224', '2020-05-24', '08:00:00', 4, 200, 32),
(190, 'Vietjet Air', 'VJA-5236', '2020-05-24', '09:00:00', 4, 200, 5),
(191, 'Vietjet Air', 'VJA-A524', '2020-05-24', '08:00:00', 3, 150, 8),
(192, 'Vietjet Air', 'VJA-A536', '2020-05-24', '09:00:00', 4, 200, 4),
(193, 'Vietjet Air', 'VJA-5X24', '2020-05-24', '08:00:00', 1, 50, 18),
(194, 'Vietjet Air', 'VJA-5X36', '2020-05-24', '09:00:00', 2, 100, 24),
(195, 'VietNam Airline', 'VNA-524', '2020-05-24', '08:00:00', 1, 50, 14),
(196, 'VietNam Airline', 'VNA-536', '2020-05-24', '09:00:00', 4, 200, 8),
(197, 'VietNam Airline', 'VNA-5024', '2020-05-24', '08:00:00', 3, 150, 42),
(198, 'VietNam Airline', 'VNA-5036', '2020-05-24', '09:00:00', 4, 200, 18),
(199, 'VietNam Airline', 'VNA-5124', '2020-05-24', '08:00:00', 1, 50, 3),
(200, 'VietNam Airline', 'VNA-5136', '2020-05-24', '09:00:00', 1, 50, 9),
(201, 'VietNam Airline', 'VNA-5324', '2020-05-24', '08:00:00', 1, 50, 22),
(202, 'VietNam Airline', 'VNA-5336', '2020-05-24', '09:00:00', 2, 100, 30),
(203, 'VietNam Airline', 'VNA-5524', '2020-05-24', '08:00:00', 1, 50, 15),
(204, 'VietNam Airline', 'VNA-5536', '2020-05-24', '09:00:00', 4, 200, 36),
(205, 'VietNam Airline', 'VNA-5A24', '2020-05-24', '08:00:00', 3, 150, 14),
(206, 'VietNam Airline', 'VNA-5A36', '2020-05-24', '09:00:00', 4, 200, 28),
(207, 'VietNam Airline', 'VNA-5A48', '2020-05-24', '08:00:00', 2, 100, 10),
(208, 'VietNam Airline', 'VNA-5A60', '2020-05-24', '09:00:00', 2, 100, 16),
(209, 'VietNam Airline', 'VNA-5QH24', '2020-05-24', '08:00:00', 4, 200, 2),
(210, 'VietNam Airline', 'VNA-5QH36', '2020-05-24', '09:00:00', 4, 200, 8),
(211, 'Bamboo Airways', 'QH-525', '2020-05-25', '11:00:00', 2, 100, 34),
(212, 'Bamboo Airways', 'QH-537', '2020-05-25', '10:00:00', 3, 150, 15),
(213, 'Bamboo Airways', 'QH-5125', '2020-05-25', '11:00:00', 4, 200, 7),
(214, 'Bamboo Airways', 'QH-5137', '2020-05-25', '10:00:00', 2, 100, 31),
(215, 'Bamboo Airways', 'QH-AB525', '2020-05-25', '11:00:00', 4, 200, 1),
(216, 'Bamboo Airways', 'QH-AB537', '2020-05-25', '10:00:00', 1, 50, 19),
(217, 'Bamboo Airways', 'QH-5M25', '2020-05-25', '11:00:00', 2, 100, 38),
(218, 'Bamboo Airways', 'QH-5M37', '2020-05-25', '10:00:00', 1, 50, 7),
(219, 'Jetstar Pacific Airlines', 'BL-525', '2020-05-25', '11:00:00', 3, 150, 3),
(220, 'Jetstar Pacific Airlines', 'BL-537', '2020-05-25', '10:00:00', 3, 150, 2),
(221, 'Jetstar Pacific Airlines', 'BL-5125', '2020-05-25', '11:00:00', 3, 150, 16),
(222, 'Jetstar Pacific Airlines', 'BL-5137', '2020-05-25', '10:00:00', 1, 50, 20),
(223, 'Jetstar Pacific Airlines', 'BL-0525', '2020-05-25', '11:00:00', 4, 200, 13),
(224, 'Jetstar Pacific Airlines', 'BL-0537', '2020-05-25', '10:00:00', 1, 50, 9),
(225, 'Jetstar Pacific Airlines', 'BL-5125', '2020-05-25', '11:00:00', 3, 150, 11),
(226, 'Jetstar Pacific Airlines', 'BL-5137', '2020-05-25', '10:00:00', 2, 100, 15),
(227, 'Vietjet Air', 'VJA-525', '2020-05-25', '10:00:00', 2, 100, 8),
(228, 'Vietjet Air', 'VJA-537', '2020-05-25', '11:00:00', 4, 200, 4),
(229, 'Vietjet Air', 'VJA-5225', '2020-05-25', '10:00:00', 4, 200, 37),
(230, 'Vietjet Air', 'VJA-5237', '2020-05-25', '11:00:00', 2, 100, 11),
(231, 'Vietjet Air', 'VJA-A525', '2020-05-25', '10:00:00', 3, 150, 22),
(232, 'Vietjet Air', 'VJA-A537', '2020-05-25', '11:00:00', 3, 150, 15),
(233, 'Vietjet Air', 'VJA-5X25', '2020-05-25', '10:00:00', 1, 50, 15),
(234, 'Vietjet Air', 'VJA-5X37', '2020-05-25', '11:00:00', 1, 50, 24),
(235, 'VietNam Airline', 'VNA-525', '2020-05-25', '10:00:00', 1, 50, 29),
(236, 'VietNam Airline', 'VNA-537', '2020-05-25', '11:00:00', 2, 100, 20),
(237, 'VietNam Airline', 'VNA-5025', '2020-05-25', '10:00:00', 4, 200, 5),
(238, 'VietNam Airline', 'VNA-5037', '2020-05-25', '11:00:00', 1, 50, 14),
(239, 'VietNam Airline', 'VNA-5125', '2020-05-25', '10:00:00', 2, 100, 11),
(240, 'VietNam Airline', 'VNA-5137', '2020-05-25', '11:00:00', 1, 50, 31),
(241, 'VietNam Airline', 'VNA-5325', '2020-05-25', '10:00:00', 1, 50, 29),
(242, 'VietNam Airline', 'VNA-5337', '2020-05-25', '11:00:00', 1, 50, 10),
(243, 'VietNam Airline', 'VNA-5525', '2020-05-25', '10:00:00', 1, 50, 37),
(244, 'VietNam Airline', 'VNA-5537', '2020-05-25', '11:00:00', 2, 100, 4),
(245, 'VietNam Airline', 'VNA-5A25', '2020-05-25', '10:00:00', 3, 150, 8),
(246, 'VietNam Airline', 'VNA-5A37', '2020-05-25', '11:00:00', 4, 200, 29),
(247, 'VietNam Airline', 'VNA-5A49', '2020-05-25', '10:00:00', 2, 100, 20),
(248, 'VietNam Airline', 'VNA-5A61', '2020-05-25', '11:00:00', 1, 50, 5),
(249, 'VietNam Airline', 'VNA-5QH25', '2020-05-25', '10:00:00', 2, 100, 40),
(250, 'VietNam Airline', 'VNA-5QH37', '2020-05-25', '11:00:00', 2, 100, 32),
(251, 'Bamboo Airways', 'QH-526', '2020-05-26', '13:00:00', 3, 150, 12),
(252, 'Bamboo Airways', 'QH-538', '2020-05-26', '12:00:00', 1, 50, 11),
(253, 'Bamboo Airways', 'QH-5126', '2020-05-26', '13:00:00', 4, 200, 30),
(254, 'Bamboo Airways', 'QH-5138', '2020-05-26', '12:00:00', 2, 100, 8),
(255, 'Bamboo Airways', 'QH-AB526', '2020-05-26', '13:00:00', 1, 50, 24),
(256, 'Bamboo Airways', 'QH-AB538', '2020-05-26', '12:00:00', 1, 50, 20),
(257, 'Bamboo Airways', 'QH-5M26', '2020-05-26', '13:00:00', 2, 100, 8),
(258, 'Bamboo Airways', 'QH-5M38', '2020-05-26', '12:00:00', 4, 200, 2),
(259, 'Jetstar Pacific Airlines', 'BL-526', '2020-05-26', '13:00:00', 3, 150, 27),
(260, 'Jetstar Pacific Airlines', 'BL-538', '2020-05-26', '12:00:00', 2, 100, 5),
(261, 'Jetstar Pacific Airlines', 'BL-5126', '2020-05-26', '13:00:00', 2, 100, 6),
(262, 'Jetstar Pacific Airlines', 'BL-5138', '2020-05-26', '12:00:00', 1, 50, 4),
(263, 'Jetstar Pacific Airlines', 'BL-0526', '2020-05-26', '13:00:00', 1, 50, 15),
(264, 'Jetstar Pacific Airlines', 'BL-0538', '2020-05-26', '12:00:00', 2, 100, 19),
(265, 'Jetstar Pacific Airlines', 'BL-5126', '2020-05-26', '13:00:00', 4, 200, 37),
(266, 'Jetstar Pacific Airlines', 'BL-5138', '2020-05-26', '12:00:00', 3, 150, 2),
(267, 'Vietjet Air', 'VJA-526', '2020-05-26', '12:00:00', 1, 50, 39),
(268, 'Vietjet Air', 'VJA-538', '2020-05-26', '13:00:00', 4, 200, 31),
(269, 'Vietjet Air', 'VJA-5226', '2020-05-26', '12:00:00', 1, 50, 10),
(270, 'Vietjet Air', 'VJA-5238', '2020-05-26', '13:00:00', 1, 50, 17),
(271, 'Vietjet Air', 'VJA-A526', '2020-05-26', '12:00:00', 3, 150, 17),
(272, 'Vietjet Air', 'VJA-A538', '2020-05-26', '13:00:00', 3, 150, 39),
(273, 'Vietjet Air', 'VJA-5X26', '2020-05-26', '12:00:00', 1, 50, 15),
(274, 'Vietjet Air', 'VJA-5X38', '2020-05-26', '13:00:00', 2, 100, 35),
(275, 'VietNam Airline', 'VNA-526', '2020-05-26', '12:00:00', 1, 50, 27),
(276, 'VietNam Airline', 'VNA-538', '2020-05-26', '13:00:00', 4, 200, 40),
(277, 'VietNam Airline', 'VNA-5026', '2020-05-26', '12:00:00', 2, 100, 37),
(278, 'VietNam Airline', 'VNA-5038', '2020-05-26', '13:00:00', 2, 100, 32),
(279, 'VietNam Airline', 'VNA-5126', '2020-05-26', '12:00:00', 1, 50, 17),
(280, 'VietNam Airline', 'VNA-5138', '2020-05-26', '13:00:00', 2, 100, 20),
(281, 'VietNam Airline', 'VNA-5326', '2020-05-26', '12:00:00', 3, 150, 30),
(282, 'VietNam Airline', 'VNA-5338', '2020-05-26', '13:00:00', 2, 100, 31),
(283, 'VietNam Airline', 'VNA-5526', '2020-05-26', '12:00:00', 2, 100, 36),
(284, 'VietNam Airline', 'VNA-5538', '2020-05-26', '13:00:00', 2, 100, 40),
(285, 'VietNam Airline', 'VNA-5A26', '2020-05-26', '12:00:00', 3, 150, 40),
(286, 'VietNam Airline', 'VNA-5A38', '2020-05-26', '13:00:00', 1, 50, 34),
(287, 'VietNam Airline', 'VNA-5A50', '2020-05-26', '12:00:00', 3, 150, 4),
(288, 'VietNam Airline', 'VNA-5A62', '2020-05-26', '13:00:00', 3, 150, 2),
(289, 'VietNam Airline', 'VNA-5QH26', '2020-05-26', '12:00:00', 4, 200, 28),
(290, 'VietNam Airline', 'VNA-5QH38', '2020-05-26', '13:00:00', 2, 100, 29),
(291, 'Bamboo Airways', 'QH-527', '2020-05-27', '15:00:00', 2, 100, 17),
(292, 'Bamboo Airways', 'QH-539', '2020-05-27', '14:00:00', 2, 100, 31),
(293, 'Bamboo Airways', 'QH-5127', '2020-05-27', '15:00:00', 1, 50, 23),
(294, 'Bamboo Airways', 'QH-5139', '2020-05-27', '14:00:00', 1, 50, 28),
(295, 'Bamboo Airways', 'QH-AB527', '2020-05-27', '15:00:00', 4, 200, 27),
(296, 'Bamboo Airways', 'QH-AB539', '2020-05-27', '14:00:00', 4, 200, 33),
(297, 'Bamboo Airways', 'QH-5M27', '2020-05-27', '15:00:00', 3, 150, 36),
(298, 'Bamboo Airways', 'QH-5M39', '2020-05-27', '14:00:00', 3, 150, 3),
(299, 'Jetstar Pacific Airlines', 'BL-527', '2020-05-27', '15:00:00', 1, 50, 36),
(300, 'Jetstar Pacific Airlines', 'BL-539', '2020-05-27', '14:00:00', 4, 200, 10),
(301, 'Jetstar Pacific Airlines', 'BL-5127', '2020-05-27', '15:00:00', 1, 50, 26),
(302, 'Jetstar Pacific Airlines', 'BL-5139', '2020-05-27', '14:00:00', 2, 100, 15),
(303, 'Jetstar Pacific Airlines', 'BL-0527', '2020-05-27', '15:00:00', 1, 50, 7),
(304, 'Jetstar Pacific Airlines', 'BL-0539', '2020-05-27', '14:00:00', 4, 200, 23),
(305, 'Jetstar Pacific Airlines', 'BL-5127', '2020-05-27', '15:00:00', 4, 200, 32),
(306, 'Jetstar Pacific Airlines', 'BL-5139', '2020-05-27', '14:00:00', 1, 50, 42),
(307, 'Vietjet Air', 'VJA-527', '2020-05-27', '14:00:00', 4, 200, 26),
(308, 'Vietjet Air', 'VJA-539', '2020-05-27', '15:00:00', 3, 150, 14),
(309, 'Vietjet Air', 'VJA-5227', '2020-05-27', '14:00:00', 3, 150, 36),
(310, 'Vietjet Air', 'VJA-5239', '2020-05-27', '15:00:00', 2, 100, 40),
(311, 'Vietjet Air', 'VJA-A527', '2020-05-27', '14:00:00', 3, 150, 7),
(312, 'Vietjet Air', 'VJA-A539', '2020-05-27', '15:00:00', 4, 200, 7),
(313, 'Vietjet Air', 'VJA-5X27', '2020-05-27', '14:00:00', 3, 150, 23),
(314, 'Vietjet Air', 'VJA-5X39', '2020-05-27', '15:00:00', 4, 200, 40),
(315, 'VietNam Airline', 'VNA-527', '2020-05-27', '14:00:00', 1, 50, 17),
(316, 'VietNam Airline', 'VNA-539', '2020-05-27', '15:00:00', 4, 200, 9),
(317, 'VietNam Airline', 'VNA-5027', '2020-05-27', '14:00:00', 3, 150, 6),
(318, 'VietNam Airline', 'VNA-5039', '2020-05-27', '15:00:00', 4, 200, 28),
(319, 'VietNam Airline', 'VNA-5127', '2020-05-27', '14:00:00', 2, 100, 33),
(320, 'VietNam Airline', 'VNA-5139', '2020-05-27', '15:00:00', 1, 50, 2),
(321, 'VietNam Airline', 'VNA-5327', '2020-05-27', '14:00:00', 3, 150, 31),
(322, 'VietNam Airline', 'VNA-5339', '2020-05-27', '15:00:00', 2, 100, 1),
(323, 'VietNam Airline', 'VNA-5527', '2020-05-27', '14:00:00', 4, 200, 30),
(324, 'VietNam Airline', 'VNA-5539', '2020-05-27', '15:00:00', 4, 200, 20),
(325, 'VietNam Airline', 'VNA-5A27', '2020-05-27', '14:00:00', 3, 150, 26),
(326, 'VietNam Airline', 'VNA-5A39', '2020-05-27', '15:00:00', 2, 100, 35),
(327, 'VietNam Airline', 'VNA-5A51', '2020-05-27', '14:00:00', 2, 100, 16),
(328, 'VietNam Airline', 'VNA-5A63', '2020-05-27', '15:00:00', 4, 200, 22),
(329, 'VietNam Airline', 'VNA-5QH27', '2020-05-27', '14:00:00', 4, 200, 31),
(330, 'VietNam Airline', 'VNA-5QH39', '2020-05-27', '15:00:00', 1, 50, 26),
(331, 'Bamboo Airways', 'QH-528', '2020-05-28', '17:00:00', 1, 50, 15),
(332, 'Bamboo Airways', 'QH-540', '2020-05-28', '16:00:00', 1, 50, 13),
(333, 'Bamboo Airways', 'QH-5128', '2020-05-28', '17:00:00', 1, 50, 17),
(334, 'Bamboo Airways', 'QH-5140', '2020-05-28', '16:00:00', 4, 200, 14),
(335, 'Bamboo Airways', 'QH-AB528', '2020-05-28', '17:00:00', 2, 100, 38),
(336, 'Bamboo Airways', 'QH-AB540', '2020-05-28', '16:00:00', 4, 200, 19),
(337, 'Bamboo Airways', 'QH-5M28', '2020-05-28', '17:00:00', 2, 100, 42),
(338, 'Bamboo Airways', 'QH-5M40', '2020-05-28', '16:00:00', 4, 200, 15),
(339, 'Jetstar Pacific Airlines', 'BL-528', '2020-05-28', '17:00:00', 1, 50, 17),
(340, 'Jetstar Pacific Airlines', 'BL-540', '2020-05-28', '16:00:00', 3, 150, 30),
(341, 'Jetstar Pacific Airlines', 'BL-5128', '2020-05-28', '17:00:00', 3, 150, 29),
(342, 'Jetstar Pacific Airlines', 'BL-5140', '2020-05-28', '16:00:00', 2, 100, 26),
(343, 'Jetstar Pacific Airlines', 'BL-0528', '2020-05-28', '17:00:00', 3, 150, 4),
(344, 'Jetstar Pacific Airlines', 'BL-0540', '2020-05-28', '16:00:00', 1, 50, 26),
(345, 'Jetstar Pacific Airlines', 'BL-5128', '2020-05-28', '17:00:00', 2, 100, 5),
(346, 'Jetstar Pacific Airlines', 'BL-5140', '2020-05-28', '16:00:00', 4, 200, 18),
(347, 'Vietjet Air', 'VJA-528', '2020-05-28', '16:00:00', 3, 150, 16),
(348, 'Vietjet Air', 'VJA-540', '2020-05-28', '17:00:00', 3, 150, 23),
(349, 'Vietjet Air', 'VJA-5228', '2020-05-28', '16:00:00', 1, 50, 9),
(350, 'Vietjet Air', 'VJA-5240', '2020-05-28', '17:00:00', 2, 100, 37),
(351, 'Vietjet Air', 'VJA-A528', '2020-05-28', '16:00:00', 2, 100, 38),
(352, 'Vietjet Air', 'VJA-A540', '2020-05-28', '17:00:00', 4, 200, 21),
(353, 'Vietjet Air', 'VJA-5X28', '2020-05-28', '16:00:00', 1, 50, 12),
(354, 'Vietjet Air', 'VJA-5X40', '2020-05-28', '17:00:00', 1, 50, 18),
(355, 'VietNam Airline', 'VNA-528', '2020-05-28', '16:00:00', 4, 200, 22),
(356, 'VietNam Airline', 'VNA-540', '2020-05-28', '17:00:00', 4, 200, 7),
(357, 'VietNam Airline', 'VNA-5028', '2020-05-28', '16:00:00', 3, 150, 37),
(358, 'VietNam Airline', 'VNA-5040', '2020-05-28', '17:00:00', 3, 150, 26),
(359, 'VietNam Airline', 'VNA-5128', '2020-05-28', '16:00:00', 1, 50, 16),
(360, 'VietNam Airline', 'VNA-5140', '2020-05-28', '17:00:00', 2, 100, 21),
(361, 'VietNam Airline', 'VNA-5328', '2020-05-28', '16:00:00', 4, 200, 21),
(362, 'VietNam Airline', 'VNA-5340', '2020-05-28', '17:00:00', 2, 100, 32),
(363, 'VietNam Airline', 'VNA-5528', '2020-05-28', '16:00:00', 1, 50, 17),
(364, 'VietNam Airline', 'VNA-5540', '2020-05-28', '17:00:00', 3, 150, 25),
(365, 'VietNam Airline', 'VNA-5A28', '2020-05-28', '16:00:00', 2, 100, 13),
(366, 'VietNam Airline', 'VNA-5A40', '2020-05-28', '17:00:00', 4, 200, 15),
(367, 'VietNam Airline', 'VNA-5A52', '2020-05-28', '16:00:00', 2, 100, 5),
(368, 'VietNam Airline', 'VNA-5A64', '2020-05-28', '17:00:00', 1, 50, 37),
(369, 'VietNam Airline', 'VNA-5QH28', '2020-05-28', '16:00:00', 3, 150, 11),
(370, 'VietNam Airline', 'VNA-5QH40', '2020-05-28', '17:00:00', 3, 150, 38),
(371, 'Bamboo Airways', 'QH-529', '2020-05-29', '19:00:00', 2, 100, 38),
(372, 'Bamboo Airways', 'QH-541', '2020-05-29', '18:00:00', 3, 150, 3),
(373, 'Bamboo Airways', 'QH-5129', '2020-05-29', '19:00:00', 1, 50, 13),
(374, 'Bamboo Airways', 'QH-5141', '2020-05-29', '18:00:00', 3, 150, 5),
(375, 'Bamboo Airways', 'QH-AB529', '2020-05-29', '19:00:00', 2, 100, 14),
(376, 'Bamboo Airways', 'QH-AB541', '2020-05-29', '18:00:00', 4, 200, 8),
(377, 'Bamboo Airways', 'QH-5M29', '2020-05-29', '19:00:00', 2, 100, 34),
(378, 'Bamboo Airways', 'QH-5M41', '2020-05-29', '18:00:00', 4, 200, 16),
(379, 'Jetstar Pacific Airlines', 'BL-529', '2020-05-29', '19:00:00', 4, 200, 25),
(380, 'Jetstar Pacific Airlines', 'BL-541', '2020-05-29', '18:00:00', 1, 50, 35),
(381, 'Jetstar Pacific Airlines', 'BL-5129', '2020-05-29', '19:00:00', 4, 200, 25),
(382, 'Jetstar Pacific Airlines', 'BL-5141', '2020-05-29', '18:00:00', 4, 200, 16),
(383, 'Jetstar Pacific Airlines', 'BL-0529', '2020-05-29', '19:00:00', 3, 150, 35),
(384, 'Jetstar Pacific Airlines', 'BL-0541', '2020-05-29', '18:00:00', 4, 200, 39),
(385, 'Jetstar Pacific Airlines', 'BL-5129', '2020-05-29', '19:00:00', 4, 200, 24),
(386, 'Jetstar Pacific Airlines', 'BL-5141', '2020-05-29', '18:00:00', 4, 200, 8),
(387, 'Vietjet Air', 'VJA-529', '2020-05-29', '18:00:00', 3, 150, 6),
(388, 'Vietjet Air', 'VJA-541', '2020-05-29', '19:00:00', 3, 150, 11),
(389, 'Vietjet Air', 'VJA-5229', '2020-05-29', '18:00:00', 2, 100, 39),
(390, 'Vietjet Air', 'VJA-5241', '2020-05-29', '19:00:00', 3, 150, 23),
(391, 'Vietjet Air', 'VJA-A529', '2020-05-29', '18:00:00', 3, 150, 7),
(392, 'Vietjet Air', 'VJA-A541', '2020-05-29', '19:00:00', 4, 200, 40),
(393, 'Vietjet Air', 'VJA-5X29', '2020-05-29', '18:00:00', 4, 200, 7),
(394, 'Vietjet Air', 'VJA-5X41', '2020-05-29', '19:00:00', 1, 50, 14),
(395, 'VietNam Airline', 'VNA-529', '2020-05-29', '18:00:00', 1, 50, 8),
(396, 'VietNam Airline', 'VNA-541', '2020-05-29', '19:00:00', 1, 50, 2),
(397, 'VietNam Airline', 'VNA-5029', '2020-05-29', '18:00:00', 4, 200, 10),
(398, 'VietNam Airline', 'VNA-5041', '2020-05-29', '19:00:00', 3, 150, 20),
(399, 'VietNam Airline', 'VNA-5129', '2020-05-29', '18:00:00', 2, 100, 9),
(400, 'VietNam Airline', 'VNA-5141', '2020-05-29', '19:00:00', 3, 150, 29),
(401, 'VietNam Airline', 'VNA-5329', '2020-05-29', '18:00:00', 3, 150, 36),
(402, 'VietNam Airline', 'VNA-5341', '2020-05-29', '19:00:00', 2, 100, 8),
(403, 'VietNam Airline', 'VNA-5529', '2020-05-29', '18:00:00', 2, 100, 36),
(404, 'VietNam Airline', 'VNA-5541', '2020-05-29', '19:00:00', 2, 100, 17),
(405, 'VietNam Airline', 'VNA-5A29', '2020-05-29', '18:00:00', 1, 50, 26),
(406, 'VietNam Airline', 'VNA-5A41', '2020-05-29', '19:00:00', 4, 200, 3),
(407, 'VietNam Airline', 'VNA-5A53', '2020-05-29', '18:00:00', 4, 200, 1),
(408, 'VietNam Airline', 'VNA-5A65', '2020-05-29', '19:00:00', 3, 150, 12),
(409, 'VietNam Airline', 'VNA-5QH29', '2020-05-29', '18:00:00', 1, 50, 27),
(410, 'VietNam Airline', 'VNA-5QH41', '2020-05-29', '19:00:00', 3, 150, 22),
(411, 'Bamboo Airways', 'QH-530', '2020-05-30', '21:00:00', 4, 200, 39),
(412, 'Bamboo Airways', 'QH-542', '2020-05-30', '20:00:00', 2, 100, 23),
(413, 'Bamboo Airways', 'QH-5130', '2020-05-30', '21:00:00', 1, 50, 2),
(414, 'Bamboo Airways', 'QH-5142', '2020-05-30', '20:00:00', 1, 50, 2),
(415, 'Bamboo Airways', 'QH-AB530', '2020-05-30', '21:00:00', 3, 150, 38),
(416, 'Bamboo Airways', 'QH-AB542', '2020-05-30', '20:00:00', 2, 100, 23),
(417, 'Bamboo Airways', 'QH-5M30', '2020-05-30', '21:00:00', 2, 100, 40),
(418, 'Bamboo Airways', 'QH-5M42', '2020-05-30', '20:00:00', 4, 200, 39),
(419, 'Jetstar Pacific Airlines', 'BL-530', '2020-05-30', '21:00:00', 3, 150, 3),
(420, 'Jetstar Pacific Airlines', 'BL-542', '2020-05-30', '20:00:00', 1, 50, 6),
(421, 'Jetstar Pacific Airlines', 'BL-5130', '2020-05-30', '21:00:00', 4, 200, 13),
(422, 'Jetstar Pacific Airlines', 'BL-5142', '2020-05-30', '20:00:00', 3, 150, 25),
(423, 'Jetstar Pacific Airlines', 'BL-0530', '2020-05-30', '21:00:00', 2, 100, 41),
(424, 'Jetstar Pacific Airlines', 'BL-0542', '2020-05-30', '20:00:00', 2, 100, 28),
(425, 'Jetstar Pacific Airlines', 'BL-5130', '2020-05-30', '21:00:00', 1, 50, 35),
(426, 'Jetstar Pacific Airlines', 'BL-5142', '2020-05-30', '20:00:00', 4, 200, 24),
(427, 'Vietjet Air', 'VJA-530', '2020-05-30', '20:00:00', 1, 50, 40),
(428, 'Vietjet Air', 'VJA-542', '2020-05-30', '21:00:00', 1, 50, 34),
(429, 'Vietjet Air', 'VJA-5230', '2020-05-30', '20:00:00', 1, 50, 10),
(430, 'Vietjet Air', 'VJA-5242', '2020-05-30', '21:00:00', 1, 50, 14),
(431, 'Vietjet Air', 'VJA-A530', '2020-05-30', '20:00:00', 3, 150, 22),
(432, 'Vietjet Air', 'VJA-A542', '2020-05-30', '21:00:00', 2, 100, 14),
(433, 'Vietjet Air', 'VJA-5X30', '2020-05-30', '20:00:00', 2, 100, 2),
(434, 'Vietjet Air', 'VJA-5X42', '2020-05-30', '21:00:00', 1, 50, 28),
(435, 'VietNam Airline', 'VNA-530', '2020-05-30', '20:00:00', 1, 50, 30),
(436, 'VietNam Airline', 'VNA-542', '2020-05-30', '21:00:00', 4, 200, 2),
(437, 'VietNam Airline', 'VNA-5030', '2020-05-30', '20:00:00', 2, 100, 41),
(438, 'VietNam Airline', 'VNA-5042', '2020-05-30', '21:00:00', 3, 150, 29),
(439, 'VietNam Airline', 'VNA-5130', '2020-05-30', '20:00:00', 1, 50, 24),
(440, 'VietNam Airline', 'VNA-5142', '2020-05-30', '21:00:00', 4, 200, 9),
(441, 'VietNam Airline', 'VNA-5330', '2020-05-30', '20:00:00', 1, 50, 23),
(442, 'VietNam Airline', 'VNA-5342', '2020-05-30', '21:00:00', 3, 150, 22),
(443, 'VietNam Airline', 'VNA-5530', '2020-05-30', '20:00:00', 2, 100, 28),
(444, 'VietNam Airline', 'VNA-5542', '2020-05-30', '21:00:00', 2, 100, 6),
(445, 'VietNam Airline', 'VNA-5A30', '2020-05-30', '20:00:00', 2, 100, 24),
(446, 'VietNam Airline', 'VNA-5A42', '2020-05-30', '21:00:00', 3, 150, 4),
(447, 'VietNam Airline', 'VNA-5A54', '2020-05-30', '20:00:00', 1, 50, 31),
(448, 'VietNam Airline', 'VNA-5A66', '2020-05-30', '21:00:00', 1, 50, 28),
(449, 'VietNam Airline', 'VNA-5QH30', '2020-05-30', '20:00:00', 2, 100, 35),
(450, 'VietNam Airline', 'VNA-5QH42', '2020-05-30', '21:00:00', 4, 200, 7),
(451, 'Bamboo Airways', 'QH-531', '2020-05-31', '23:00:00', 1, 50, 21),
(452, 'Bamboo Airways', 'QH-543', '2020-05-31', '22:00:00', 1, 50, 20),
(453, 'Bamboo Airways', 'QH-5131', '2020-05-31', '23:00:00', 1, 50, 40),
(454, 'Bamboo Airways', 'QH-5143', '2020-05-31', '22:00:00', 4, 200, 32),
(455, 'Bamboo Airways', 'QH-AB531', '2020-05-31', '23:00:00', 1, 50, 13),
(456, 'Bamboo Airways', 'QH-AB543', '2020-05-31', '22:00:00', 3, 150, 30),
(457, 'Bamboo Airways', 'QH-5M31', '2020-05-31', '23:00:00', 4, 200, 2),
(458, 'Bamboo Airways', 'QH-5M43', '2020-05-31', '22:00:00', 1, 50, 37),
(459, 'Jetstar Pacific Airlines', 'BL-531', '2020-05-31', '23:00:00', 4, 200, 40),
(460, 'Jetstar Pacific Airlines', 'BL-543', '2020-05-31', '22:00:00', 1, 50, 37),
(461, 'Jetstar Pacific Airlines', 'BL-5131', '2020-05-31', '23:00:00', 4, 200, 37),
(462, 'Jetstar Pacific Airlines', 'BL-5143', '2020-05-31', '22:00:00', 2, 100, 5),
(463, 'Jetstar Pacific Airlines', 'BL-0531', '2020-05-31', '23:00:00', 4, 200, 32),
(464, 'Jetstar Pacific Airlines', 'BL-0543', '2020-05-31', '22:00:00', 4, 200, 34),
(465, 'Jetstar Pacific Airlines', 'BL-5131', '2020-05-31', '23:00:00', 2, 100, 7),
(466, 'Jetstar Pacific Airlines', 'BL-5143', '2020-05-31', '22:00:00', 3, 150, 21),
(467, 'Vietjet Air', 'VJA-531', '2020-05-31', '22:00:00', 2, 100, 27),
(468, 'Vietjet Air', 'VJA-543', '2020-05-31', '23:00:00', 3, 150, 20),
(469, 'Vietjet Air', 'VJA-5231', '2020-05-31', '22:00:00', 2, 100, 8),
(470, 'Vietjet Air', 'VJA-5243', '2020-05-31', '23:00:00', 4, 200, 2),
(471, 'Vietjet Air', 'VJA-A531', '2020-05-31', '22:00:00', 3, 150, 40),
(472, 'Vietjet Air', 'VJA-A543', '2020-05-31', '23:00:00', 1, 50, 31),
(473, 'Vietjet Air', 'VJA-5X31', '2020-05-31', '22:00:00', 3, 150, 42),
(474, 'Vietjet Air', 'VJA-5X43', '2020-05-31', '23:00:00', 2, 100, 40),
(475, 'VietNam Airline', 'VNA-531', '2020-05-31', '22:00:00', 2, 100, 7),
(476, 'VietNam Airline', 'VNA-543', '2020-05-31', '23:00:00', 4, 200, 34),
(477, 'VietNam Airline', 'VNA-5031', '2020-05-31', '22:00:00', 4, 200, 32),
(478, 'VietNam Airline', 'VNA-5043', '2020-05-31', '23:00:00', 2, 100, 7),
(479, 'VietNam Airline', 'VNA-5131', '2020-05-31', '22:00:00', 2, 100, 26),
(480, 'VietNam Airline', 'VNA-5143', '2020-05-31', '23:00:00', 2, 100, 6),
(481, 'VietNam Airline', 'VNA-5331', '2020-05-31', '22:00:00', 2, 100, 5),
(482, 'VietNam Airline', 'VNA-5343', '2020-05-31', '23:00:00', 2, 100, 34),
(483, 'VietNam Airline', 'VNA-5531', '2020-05-31', '22:00:00', 2, 100, 24),
(484, 'VietNam Airline', 'VNA-5543', '2020-05-31', '23:00:00', 4, 200, 21),
(485, 'VietNam Airline', 'VNA-5A31', '2020-05-31', '22:00:00', 4, 200, 33),
(486, 'VietNam Airline', 'VNA-5A43', '2020-05-31', '23:00:00', 2, 100, 23),
(487, 'VietNam Airline', 'VNA-5A55', '2020-05-31', '22:00:00', 4, 200, 27),
(488, 'VietNam Airline', 'VNA-5A67', '2020-05-31', '23:00:00', 1, 50, 30),
(489, 'VietNam Airline', 'VNA-5QH31', '2020-05-31', '22:00:00', 1, 50, 27),
(490, 'VietNam Airline', 'VNA-5QH43', '2020-05-31', '23:00:00', 2, 100, 9);

-- --------------------------------------------------------

--
-- Cấu trúc bảng cho bảng `datphong`
--

CREATE TABLE `datphong` (
  `orderID` int(11) NOT NULL,
  `hotelID` int(11) NOT NULL,
  `soPhong` int(11) NOT NULL,
  `ngayNhan` date NOT NULL,
  `ngayTra` date NOT NULL,
  `total` double NOT NULL,
  `status` varchar(45) COLLATE utf8mb4_unicode_ci NOT NULL,
  `IdCard` varchar(13) COLLATE utf8mb4_unicode_ci NOT NULL
) ENGINE=InnoDB DEFAULT CHARSET=utf8mb4 COLLATE=utf8mb4_unicode_ci;

--
-- Đang đổ dữ liệu cho bảng `datphong`
--

INSERT INTO `datphong` (`orderID`, `hotelID`, `soPhong`, `ngayNhan`, `ngayTra`, `total`, `status`, `IdCard`) VALUES
(1, 1, 1, '2020-05-18', '2020-05-20', 233.6, 'OK', '122362040');

-- --------------------------------------------------------

--
-- Cấu trúc bảng cho bảng `datve`
--

CREATE TABLE `datve` (
  `orderID` int(11) NOT NULL,
  `idChuyenBay` int(11) NOT NULL,
  `quantity` int(11) NOT NULL,
  `total` int(11) NOT NULL,
  `status` varchar(45) COLLATE utf8mb4_unicode_ci NOT NULL,
  `IdCard` varchar(13) COLLATE utf8mb4_unicode_ci NOT NULL
) ENGINE=InnoDB DEFAULT CHARSET=utf8mb4 COLLATE=utf8mb4_unicode_ci;

--
-- Đang đổ dữ liệu cho bảng `datve`
--

INSERT INTO `datve` (`orderID`, `idChuyenBay`, `quantity`, `total`, `status`, `IdCard`) VALUES
(1, 1, 1, 100, 'OK', '122362040'),
(2, 2, 2, 180, 'OK', '122362040'),
(3, 3, 1, 80, 'No', '122362040'),
(4, 4, 1, 95, 'No', '122362040');

-- --------------------------------------------------------

--
-- Cấu trúc bảng cho bảng `failed_jobs`
--

CREATE TABLE `failed_jobs` (
  `id` bigint(20) UNSIGNED NOT NULL,
  `connection` text COLLATE utf8mb4_unicode_ci NOT NULL,
  `queue` text COLLATE utf8mb4_unicode_ci NOT NULL,
  `payload` longtext COLLATE utf8mb4_unicode_ci NOT NULL,
  `exception` longtext COLLATE utf8mb4_unicode_ci NOT NULL,
  `failed_at` timestamp NOT NULL DEFAULT current_timestamp()
) ENGINE=InnoDB DEFAULT CHARSET=utf8mb4 COLLATE=utf8mb4_unicode_ci;

-- --------------------------------------------------------

--
-- Cấu trúc bảng cho bảng `hangbay`
--

CREATE TABLE `hangbay` (
  `tenhang` varchar(100) COLLATE utf8mb4_unicode_ci NOT NULL,
  `sochuyen` int(11) NOT NULL
) ENGINE=InnoDB DEFAULT CHARSET=utf8mb4 COLLATE=utf8mb4_unicode_ci;

--
-- Đang đổ dữ liệu cho bảng `hangbay`
--

INSERT INTO `hangbay` (`tenhang`, `sochuyen`) VALUES
('Bamboo Airways', 10),
('Jetstar Pacific Airlines', 10),
('Vietjet Air', 10),
('VietNam Airline', 10);

-- --------------------------------------------------------

--
-- Cấu trúc bảng cho bảng `hotel`
--

CREATE TABLE `hotel` (
  `hotelID` int(11) NOT NULL,
  `hotelName` varchar(255) COLLATE utf8mb4_unicode_ci NOT NULL,
  `place` varchar(45) COLLATE utf8mb4_unicode_ci NOT NULL,
  `address` varchar(255) COLLATE utf8mb4_unicode_ci NOT NULL,
  `price` double NOT NULL,
  `evaluation` varchar(45) COLLATE utf8mb4_unicode_ci NOT NULL,
  `image` varchar(45) COLLATE utf8mb4_unicode_ci NOT NULL
) ENGINE=InnoDB DEFAULT CHARSET=utf8mb4 COLLATE=utf8mb4_unicode_ci;

--
-- Đang đổ dữ liệu cho bảng `hotel`
--

INSERT INTO `hotel` (`hotelID`, `hotelName`, `place`, `address`, `price`, `evaluation`, `image`) VALUES
(1, 'Peridot Grand Hotel & Spa by AIRA', 'Ha Noi', '33 Thanh street, Hoan Kiem district, Ha Noi', 116.8, '9.8/10', '/image/image1.jpg'),
(2, 'The Oriental Jade Hotel', 'Ha Noi', '92-94 Hang Trong, Hoan Kiem district, Ha Noi', 83.76, '9.6/10', '/image/image2.jpg'),
(3, 'Sofitel Legend Metropole Hanoi', 'Ha Noi', '15 Ngo Quyen street, Hoan Kiem district, Ha Noi', 151.88, '9.4/10', '/image/image3.jpg'),
(4, 'InterContinental Hanoi Landmark72', 'Ha Noi', 'Keangnam Ha Noi Landmark Tower', 45.9, '9.2/10', '/image/image4.jpg'),
(5, 'Melia Hanoi', 'Ha Noi', '44B Ly Thuong Kiet street, Hoan Kiem district, Ha Noi', 173.97, '8.9/10', '/image/image5.jpg'),
(6, 'Pan Pacific Hanoi', 'Ha Noi', '1 Thanh Nien street, Ba Dinh district, Ha Noi', 179.14, '8.8/10', '/image/image6.jpg'),
(7, 'Movenpick Hotel Hanoi', 'Ha Noi', '83A Ly Thuong Kiet street, Hoan Kiem district, Ha Noi', 44.54, '8.5/10', '/image/image7.jpg'),
(8, 'JW Marriot Hotel Hanoi', 'Ha Noi', '8 Do Duc Duc, Ha Noi', 44.07, '8.9/10', '/image/image8.jpg'),
(9, 'Pullman Hanoi', 'Ha Noi', '40 Cat Linh street, Dong Da district, Ha Noi', 139.75, '7.8/10', '/image/image9.jpg'),
(10, 'Grand Vista Hanoi', 'Ha Noi', '146 Giang Vo street, Ba Dinh district, Ha Noi', 105.62, '8.8/10', '/image/image10.jpg'),
(11, 'Apricot Hotel', 'Ha Noi', '136 Hang Trong, Hoan Kiem district, Ha Noi', 138.12, '9.0/10', '/image/image11.jpg'),
(12, 'Elegant Suites Westlake', 'Ha Noi', '10B Dang Thai Mai, Tay Ho district, Ha Noi', 80.38, '8.9/10', '/image/image12.jpg'),
(13, 'InterConiental Hanoi Westlake', 'Ha Noi', '1A Nghi Tam, Tay Ho district, Ha Noi', 52.25, '8.7/10', '/image/image13.jpg'),
(14, 'Hilton Hanoi Opera', 'Ha Noi', '01 Le Thanh Tong, Hoan Kiem district, Ha Noi', 49.12, '8.2/10', '/image/image14.jpg'),
(15, 'Hotel du Parc Hanoi', 'Ha Noi', '84 Tran Nhan Tong, Hai Ba Trung distric, Ha Noi', 30.17, '8.1/10', '/image/image5.jpg'),
(16, 'Sheraton Hanoi Hotel', 'Ha Noi', '11 Xuan Dieu street, Tay Ho district, Ha Noi', 179.03, '8.6/10', '/image/image16.jpg'),
(17, 'Cowne Plaza West Hanoi', 'Ha Noi', '36 Le Duc Tho, Ha Noi', 93.86, '8.3/10', '/image/image17.jpg'),
(18, 'Lotte Hotel Hanoi', 'Ha Noi', '54 Lieu Giai street, Ba Dinh district, Ha Noi', 65.32, '9.1/10', '/image/image18.jpg'),
(19, 'Hanoi Daewoo Hotel', 'Ha Noi', '360 Kim Ma street, Ba Dinh district, Ha Noi', 102.29, '7.9/10', '/image/image19.jpg'),
(20, 'Grand Plaza Hanoi Hotel', 'Ha Noi', '117 Tran Duy Hung, Cau Giay district, Ha Noi', 62.54, '7.3/10', '/image/image20.jpg'),
(21, 'Hotel de I\'Opeara Hanoi-MGallery', 'Ha Noi', '29 Trang Tien street, Hoan Kiem district, Ha Noi', 90.84, '8.7/10', '/image/image21.jpg'),
(22, 'Wyndham Garden Hanoi', 'Ha Noi', 'HH01 To Huu street, Ha Dong street, Ha Noi', 35.49, '8.7/10', '/image/image22.jpg'),
(23, 'The Myst Dong Khoi', 'TP.HCM', '6-8 Ho Huan Nghiep, District 1, TP.HCM', 43.59, '9.0/10', '/image/image23.jpg'),
(24, 'New World Saigon Hotel', 'TP.HCM', '76 Le Lai street, District 1, TP.HCM', 166.15, '8.3/10', '/image/image24.jpg'),
(25, 'Rex Hotel', 'TP.HCM', '141 Nguyen Hue street, District 1, TP.HCM', 116.25, '8.5/10', '/image/image25.jpg'),
(26, 'The Reverie Saigon', 'TP.HCM', '22-36 Nguyen Hue street, District 1, TP.HCM', 129.32, '9.3/10', '/image/image26.jpg'),
(27, 'Hotel Majestic Saigon', 'TP.HCM', '1 Dong Khoi street, District 1, TP.HCM', 160.14, '8.6/10', '/image/image27.jpg'),
(28, 'Vinpearl Luxury Landmark 81', 'TP.HCM', 'Vinhomes Central, Binh Thach district, TP.HCM', 164.1, '8.9/10', '/image/image28.jpg'),
(29, 'Caravelle Saigon', 'TP.HCM', '19-23 Lam Son street, District 1, TP.HCM', 128.19, '9.0/10', '/image/image29.jpg'),
(30, 'MAI HOUSE Saigon', 'TP.HCM', '157 NKKN street,District 3, TP.HCM', 63.86, '9.4/10', '/image/image30.jpg'),
(31, 'Grand Hotel Saigon', 'TP.HCM', '8 Dong Khoi street, District 1, TP.HCM', 104.15, '8.7/10', '/image/image31.jpg'),
(32, 'Eastin Grand Hotel Saigon', 'TP.HCM', '253 Nguyen Van Troi, Phu Nhuan district, TP.HCM', 125.44, '8.6/10', '/image/image32.jpg'),
(33, 'Windsor Plaza Hotel', 'TP.HCM', '18 An Duong Vuong street, District 5, TP.HCM', 165.44, '8.4/10', '/image/image33.jpg'),
(34, 'Pullman Saigon Centre', 'TP.HCM', '148 Tran Hung Dao street, District 1, TP.HCM', 59.32, '8.7/10', '/image/image34.jpg'),
(35, 'Mia Saigon – Luxury Boutique Hotel', 'TP.HCM', '2-4 Street 10, District 2, TP.HCM', 73.17, '9.3/10', '/image/image35.jpg'),
(36, 'Lotte Legend Hotel Saigon', 'TP.HCM', '2A-4A Ton Duc Thang street, District 1, TP.HCM', 71.36, '8.6/10', '/image/image36.jpg'),
(37, 'LA VELA Saigon Hotel', 'TP.HCM', '280 NKKN, District 3, TP.HCM', 43.12, '8.2/10', '/image/image37.jpg'),
(38, 'Sofitel Saigon Plaza', 'TP.HCM', '17 Le Duan Boulevard, District 1, TP.HCM', 49.05, '8.7/10', '/image/image38.jpg'),
(39, 'Park Hyatt Saigon', 'TP.HCM', '2 Lam Son Square, District 1, TP.HCM', 178.74, '9.2/10', '/image/image39.jpg'),
(40, 'Hotel Des Arts Saigon Mgallery Collection', 'TP.HCM', '76-78 NT Minh Khai, District 3, TP.HCM', 126.31, '9.2/10', '/image/image40.jpg'),
(41, 'InterContinental Saigon', 'TP.HCM', 'District 1, TP.HCM', 90.9, '8.8/10', '/image/image41.jpg'),
(42, 'An Lam Retreats Saigon River', 'TP.HCM', '21/4 Trung street, Binh Duong district, TP.HCM', 130.81, '8.9/10', '/image/image42.jpg'),
(43, 'Holiday Inn & Suites Saigon Airport', 'TP.HCM', '18E Cong Hoa street, Tan Binh district, TP.HCM', 97.17, '8.8/10', '/image/image43.jpg'),
(44, 'Sheraton Saigon Hotel & Towers', 'TP.HCM', '88 Dong Khoi street, District 1, TP.HCM', 127.42, '8.7/10', '/image/image44.jpg'),
(45, 'Zen Diamond Suites Hotel', 'Da Nang', '16 Ly Thuong Kiet street, Hai Chau district, Da Nang', 77.18, '8.5/10', '/image/image45.jpg'),
(46, 'Royal Villas Beach Resort', 'Da Nang', 'Luxury Beach View Villas Truong Sa, Da Nang', 79.83, '9.2/10', '/image/image46.jpg'),
(47, 'DLG Hotel Danang', 'Da Nang', '258 Vo Nguyen Giap street, Son Tra strict, Da Nang', 124.82, '8.7/10', '/image/image47.jpg'),
(48, 'TMS Hotel Da Nang Beach', 'Da Nang', '292 Vo Nguyen Giap street, Ngu Hanh Son district, Da Nang', 153.12, '9.1/10', '/image/image48.jpg'),
(49, 'Hyatt Regency Danang Resort and Spa', 'Da Nang', 'Hoa Hai Ward, Ngu Hanh Son district, Da Nang', 89.45, '8.5/10', '/image/image49.jpg'),
(50, 'Novotel Danang Premier Han River', 'Da Nang', '36 Bach Dang, Da Nang', 58.39, '8.7/10', '/image/image50.jpg'),
(51, 'Fusion Maia Resort - All Spa Inclusive', 'Da Nang', 'Vo Nguyen Giap street, Ngu Hanh Son district, Da Nang', 74.1, '9.0/10', '/image/image1.jpg'),
(52, 'InterContinental Danang', 'Da Nang', 'Bai Sac, Son Tra Peninsula, Da Nang', 32.31, '9.0/10', '/image/image2.jpg'),
(53, 'Four Points by Sheraton Danang', 'Da Nang', '18-120 VNG street, Da Nang', 77.01, '8.8/10', '/image/image3.jpg'),
(54, 'Danang Golden Bay', 'Da Nang', '1 Le Van Duyet street, Son Tra district, Da Nang', 74.88, '8.8/10', '/image/image4.jpg'),
(55, 'Naman Retreat', 'Da Nang', 'Truong Sa street, Ngu Hanh Son district, Da Nang', 139.7, '8.6/10', '/image/image5.jpg'),
(56, 'Muong Thanh Luxury Da Nang Hotel', 'Da Nang', '270 VNG street, Ngu Hanh Son district, Da Nang', 68.48, '8.2/10', '/image/image6.jpg'),
(57, 'Melia Danang Beach Resort', 'Da Nang', '19 Truong Sa street, Ngu Hanh Son district, Da Nang', 78.11, '8.3/10', '/image/image7.jpg'),
(58, 'Grand Mercure Danang', 'Da Nang', 'Lot A1, Green Island, Da Nang', 64.49, '8.6/10', '/image/image8.jpg'),
(59, 'Pullman Danang Beach Resort', 'Da Nang', '101 VNG street, Ngu Hanh Son district, Da Nang', 128.6, '9.0/10', '/image/image9.jpg'),
(60, 'Sel de Mer Hotel & Suites', 'Da Nang', '92 VNG street, Ngu Hanh Son district, Da Nang', 65.22, '9.3/10', '/image/image10.jpg'),
(61, 'Sheraton Grand Danang Resort', 'Da Nang', '35 Truong Sa street, Da Nang', 72.69, '8.8/10', '/image/image11.jpg'),
(62, 'The Nalod Da Nang', 'Da Nang', '192 VNG street, Ngu Hanh Son district, Da Nang', 113.16, '8.4/10', '/image/image12.jpg'),
(63, 'Vinpearl Luxury Da Nang', 'Da Nang', 'No.7 Truong Sa street, Ngu Hanh Son district, Da Nang', 166.88, '8.7/10', '/image/image13.jpg'),
(64, 'Rosamia Da Nang Hotel', 'Da Nang', '282 VNG street, Ngu Hanh Son district, Da Nang', 139.34, '9.0/10', '/image/image14.jpg'),
(65, 'Furama Resort Danang', 'Da Nang', '105 VNG street, Ngu Hanh Son district, Da Nang', 176.5, '8.6/10', '/image/image5.jpg'),
(66, 'Olalani Resort & Condotel', 'Da Nang', 'Truong Sa street, Ngu Hanh Son district, Da Nang', 57.78, '6.9/10', '/image/image16.jpg'),
(67, 'Sanlinda Resort Phu Quoc Island', 'Phu Quoc', 'Cua Lap Hamlet, Duong Dong, Phu Quoc', 47.58, '9.5/10', '/image/image17.jpg'),
(68, 'Dusit Princess Moonrise Beach Resort', 'Phu Quoc', 'Group 2, Cua Lap, Duong Dong, Phu Quoc', 177.83, '9.3/10', '/image/image18.jpg'),
(69, 'Chen Sea Resort & Spa Phu Quoc', 'Phu Quoc', 'Ong Lang, Phu Quoc', 91.21, '9.3/10', '/image/image19.jpg'),
(70, 'JW Marriott Phu Quoc Emerald Bay Resort & Spa', 'Phu Quoc', 'An Thoi, Phu Quoc', 43.72, '9.2/10', '/image/image20.jpg'),
(71, 'La Veranda Resort Phu Quoc - MGallery', 'Phu Quoc', 'Tran Hung Dao street, Duong Dong, Phu Quoc', 138.73, '9.3/10', '/image/image21.jpg'),
(72, 'Fusion Resort Phu Quoc - All Spa Inclusive', 'Phu Quoc', 'Cua Can, Phu Quoc', 131.17, '9.0/10', '/image/image22.jpg'),
(73, 'Seashells Phu Quoc Hotel & Spa', 'Phu Quoc', '1 Vo Thi Sau, Duong Dong, Phu Quoc', 35.93, '8.9/10', '/image/image23.jpg'),
(74, 'Vinpearl Discovery 2 Phu Quoc', 'Phu Quoc', 'Bai Dai, Ganh Dau, Phu Quoc', 149.66, '8.6/10', '/image/image24.jpg'),
(75, 'Radisson Blu Resort Phu Quoc', 'Phu Quoc', 'Ganh Dau Beach, Phu Quoc district, Phu Quoc', 54.88, '8.6/10', '/image/image25.jpg'),
(76, 'Best Westerm Premier Sonasea Phu Quoc', 'Phu Quoc', 'Duong To, Phu Quoc', 160.16, '8.5/10', '/image/image26.jpg'),
(77, 'Vinpearl Resort & Spa Phu Quoc', 'Phu Quoc', 'Bai Dai, Ganh Dau, Phu Quoc', 141.35, '8.5/10', '/image/image27.jpg'),
(78, 'Novotel Phu Quoc Resort', 'Phu Quoc', 'Duong Bao Hamlet Duong To Commune Kien Giang Province,Phu Quoc', 160.69, '8.3/10', '/image/image28.jpg'),
(79, 'Vinpearl Resort & Golf Phu Quoc', 'Phu Quoc', 'Bai Dai, Gach Dau, Phu Quoc', 143.68, '8.2/10', '/image/image29.jpg'),
(80, 'Muong Thanh Luxury Phu Quoc Hotel', 'Phu Quoc', 'Unit UH1, Bai Truong Complex, Phu Quoc', 50.81, '7.5/10', '/image/image30.jpg'),
(81, 'Regalia Gold Hotel', 'Nha Trang', '39-41 NT Minh Khai, Nha Trang', 55.71, '9.2/10', '/image/image31.jpg'),
(82, 'Queen Ann Nha Trang Hotel', 'Nha Trang', '100 Tran Phu, Nha Trang', 119.37, '9.1/10', '/image/image32.jpg'),
(83, 'Nha Trang Horizon Hotel', 'Nha Trang', '102 Duong Hien Quyen street, Nha Trang', 56.77, '9.2/10', '/image/image33.jpg'),
(84, 'Comodo Nha Trang Hotel', 'Nha Trang', '86A Tran Phu, Nha Trang', 126.89, '8.7/10', '/image/image34.jpg'),
(85, 'Diamond Bay Hotel', 'Nha Trang', '20 Tran Phu, Nha Trang', 94.54, '8.4/10', '/image/image35.jpg'),
(86, 'StarCity Nha Trang Hotel', 'Nha Trang', '72-74 Tran Phu, Nha Trang', 159.99, '8.4/10', '/image/image36.jpg'),
(87, 'Muong Thanh Luxury Nha Trang Hotel', 'Nha Trang', '60 Tran Phu, Nha Trang', 37.03, '8.6/10', '/image/image37.jpg'),
(88, 'Havana Nha Trang Hotel', 'Nha Trang', '38 Tran Phu, Nha Trang', 67.79, '8.6/10', '/image/image38.jpg'),
(89, 'Sheraton Nha Trang', 'Nha Trang', '26-28 Tran Phu, Nha Trang', 33.31, '8.8/10', '/image/image39.jpg'),
(90, 'D\'Qua Hotel', 'Nha Trang', '29 Phan Chu Trinh, Nha Trang', 87.56, '8.9/10', '/image/image40.jpg'),
(91, 'Virgo Hotel', 'Nha Trang', '39-41 NT Minh Khai, Khanh Hoa district, Nha Trang', 137.79, '8.5/10', '/image/image41.jpg'),
(92, 'Navada Beach Hotel', 'Nha Trang', '09-10 Pham Van Dong, Nha Trang city', 113.73, '8.7/10', '/image/image42.jpg'),
(93, 'Quinter Central Nha Trang', 'Nha Trang', '86/4 Tran phu, Nha Trang', 153.64, '7.4/10', '/image/image43.jpg'),
(94, 'Eastin Grand Hotel Nha Trang', 'Nha Trang', '2 NT Minh Khai, Nha Trang', 111.92, '8.5/10', '/image/image44.jpg'),
(95, 'Vesna Hotel', 'Nha Trang', '100 Tran Phu, Nha Trang', 116.62, '8.9/10', '/image/image45.jpg'),
(96, 'Majestic Premium Hotel', 'Nha Trang', '96B5/4 Tran Phu, Nha Trang', 31.21, '7.2/10', '/image/image46.jpg'),
(97, 'Holi Scenia Bay Nha Trang', 'Nha Trang', '25 Pham Van Dong, Nha Trang', 173.48, '8.7/10', '/image/image47.jpg'),
(98, 'Muong Thanh Luxury Song Lam', 'Vinh', '13 Quang Trung, TP.Vinh, Nghe An', 94.7, '8.5/10', '/image/image48.jpg'),
(99, 'Muong Thanh Cua Dong Hotel', 'Vinh', '167 Nguyen Phong Sac, TP.Vinh, Nghe An', 100.38, '8.2/10', '/image/image49.jpg'),
(100, 'Hoang Ngan 2 Hotel', 'Vinh', '15 Nguyen Sy Que, TP.Vinh, Nghe An', 149.35, '8.5/10', '/image/image50.jpg'),
(101, 'Saigon Kim Lien Hotel', 'Vinh', '25 Quang Trung, TP.Vinh, Nghe An', 48.65, '8.7/10', '/image/image1.jpg'),
(102, 'Quyet Thanh Hotel', 'Vinh', '175 Nguyen Du, TP.Vinh, Nghe An', 93.79, '8.3/10', '/image/image2.jpg'),
(103, 'Anphaan Hotel', 'Vinh', '16 Dai Lo Lenin, Nghi Phu, TP.Vinh, Nghe An', 84.31, '8.1/10', '/image/image3.jpg'),
(104, 'Hong Kong 2 Hotel', 'Vinh', '158 Le Viet, Hung Loc, TP.Vinh, Nghe An', 107.48, '8.1/10', '/image/image4.jpg'),
(105, 'Thanh Vinh Hotel', 'Vinh', '213 Le Loi, Le Loi, TP.Vinh, Nghe An', 146.46, '7.9/10', '/image/image5.jpg'),
(106, 'Binh An Village Dalat', 'Da Lat', 'Tuyen Lam Lake, Ward 4 Plot Number 6, Area 162, Da Lat', 165.34, '9.0/10', '/image/image6.jpg'),
(107, 'Swiss-Belresort Tuyen Lam Dalat', 'Da Lat', 'Zone 7&8, Tuyen Lam Lake Tourist Area, Da Lat', 119.99, '9.0/10', '/image/image7.jpg'),
(108, 'Spa Ana Mandara Villas Da Lat Resort', 'Da Lat', 'Le Lai street, Ward 5, Da Lat', 135.1, '8.7/10', '/image/image8.jpg'),
(109, 'Dalat Edensee Resort & Spa', 'Da Lat', 'Tuyen Lam Lake, Zone VII.2, Da Lat', 140.77, '9.1/10', '/image/image9.jpg');

-- --------------------------------------------------------

--
-- Cấu trúc bảng cho bảng `lotrinh`
--

CREATE TABLE `lotrinh` (
  `idLoTrinh` int(11) NOT NULL,
  `start` varchar(255) COLLATE utf8mb4_unicode_ci NOT NULL,
  `end` varchar(255) COLLATE utf8mb4_unicode_ci NOT NULL
) ENGINE=InnoDB DEFAULT CHARSET=utf8mb4 COLLATE=utf8mb4_unicode_ci;

--
-- Đang đổ dữ liệu cho bảng `lotrinh`
--

INSERT INTO `lotrinh` (`idLoTrinh`, `start`, `end`) VALUES
(1, 'Ha Noi', 'TP.HCM'),
(2, 'Ha Noi', 'Da Nang'),
(3, 'Ha Noi', 'Phu Quoc'),
(4, 'Ha Noi', 'Nha Trang'),
(5, 'Ha Noi', 'Vinh'),
(6, 'Ha Noi', 'Da Lat'),
(7, 'TP.HCM', 'Ha Noi'),
(8, 'TP.HCM', 'Da Nang'),
(9, 'TP.HCM', 'Phu Quoc'),
(10, 'TP.HCM', 'Nha Trang'),
(11, 'TP.HCM', 'Vinh'),
(12, 'TP.HCM', 'Da Lat'),
(13, 'Da Nang', 'Ha Noi'),
(14, 'Da Nang', 'TP.HCM'),
(15, 'Da Nang', 'Phu Quoc'),
(16, 'Da Nang', 'Nha Trang'),
(17, 'Da Nang', 'Vinh'),
(18, 'Da Nang', 'Da Lat'),
(19, 'Phu Quoc', 'Ha Noi'),
(20, 'Phu Quoc', 'TP.HCM'),
(21, 'Phu Quoc', 'Da Nang'),
(22, 'Phu Quoc', 'Nha Trang'),
(23, 'Phu Quoc', 'Vinh'),
(24, 'Phu Quoc', 'Da Lat'),
(25, 'Nha Trang', 'Ha Noi'),
(26, 'Nha Trang', 'TP.HCM'),
(27, 'Nha Trang', 'Da Nang'),
(28, 'Nha Trang', 'Phu Quoc'),
(29, 'Nha Trang', 'Vinh'),
(30, 'Nha Trang', 'Da Lat'),
(31, 'Vinh', 'Ha Noi'),
(32, 'Vinh', 'TP.HCM'),
(33, 'Vinh', 'Da Nang'),
(34, 'Vinh', 'Phu Quoc'),
(35, 'Vinh', 'Nha Trang'),
(36, 'Vinh', 'Da Lat'),
(37, 'Da Lat', 'Ha Noi'),
(38, 'Da Lat', 'TP.HCM'),
(39, 'Da Lat', 'Da Nang'),
(40, 'Da Lat', 'Phu Quoc'),
(41, 'Da Lat', 'Nha Trang'),
(42, 'Da Lat', 'Vinh');

-- --------------------------------------------------------

--
-- Cấu trúc bảng cho bảng `migrations`
--

CREATE TABLE `migrations` (
  `id` int(10) UNSIGNED NOT NULL,
  `migration` varchar(255) COLLATE utf8mb4_unicode_ci NOT NULL,
  `batch` int(11) NOT NULL
) ENGINE=InnoDB DEFAULT CHARSET=utf8mb4 COLLATE=utf8mb4_unicode_ci;

--
-- Đang đổ dữ liệu cho bảng `migrations`
--

INSERT INTO `migrations` (`id`, `migration`, `batch`) VALUES
(1, '2014_10_12_000000_create_users_table', 1),
(2, '2014_10_12_100000_create_password_resets_table', 1),
(3, '2019_08_19_000000_create_failed_jobs_table', 1);

-- --------------------------------------------------------

--
-- Cấu trúc bảng cho bảng `onlinepay`
--

CREATE TABLE `onlinepay` (
  `organization` varchar(100) COLLATE utf8mb4_unicode_ci NOT NULL,
  `account` varchar(20) COLLATE utf8mb4_unicode_ci NOT NULL,
  `current` double DEFAULT NULL,
  `IdCard` varchar(13) COLLATE utf8mb4_unicode_ci NOT NULL
) ENGINE=InnoDB DEFAULT CHARSET=utf8mb4 COLLATE=utf8mb4_unicode_ci;

--
-- Đang đổ dữ liệu cho bảng `onlinepay`
--

INSERT INTO `onlinepay` (`organization`, `account`, `current`, `IdCard`) VALUES
('BIDV', '180208811107', 50000, '122362040'),
('Viettin Bank', '2151000141997', 50000, '122362041');

-- --------------------------------------------------------

--
-- Cấu trúc bảng cho bảng `password_resets`
--

CREATE TABLE `password_resets` (
  `email` varchar(255) COLLATE utf8mb4_unicode_ci NOT NULL,
  `token` varchar(255) COLLATE utf8mb4_unicode_ci NOT NULL,
  `created_at` timestamp NULL DEFAULT NULL
) ENGINE=InnoDB DEFAULT CHARSET=utf8mb4 COLLATE=utf8mb4_unicode_ci;

-- --------------------------------------------------------

--
-- Cấu trúc bảng cho bảng `users`
--

CREATE TABLE `users` (
  `IdCard` varchar(13) COLLATE utf8mb4_unicode_ci NOT NULL,
  `username` varchar(100) COLLATE utf8mb4_unicode_ci NOT NULL,
  `password` varchar(255) COLLATE utf8mb4_unicode_ci NOT NULL,
  `hoten` varchar(255) COLLATE utf8mb4_unicode_ci NOT NULL,
  `phone` varchar(10) COLLATE utf8mb4_unicode_ci NOT NULL
) ENGINE=InnoDB DEFAULT CHARSET=utf8mb4 COLLATE=utf8mb4_unicode_ci;

--
-- Đang đổ dữ liệu cho bảng `users`
--

INSERT INTO `users` (`IdCard`, `username`, `password`, `hoten`, `phone`) VALUES
('122362040', 'manh117bg', '$2y$10$GGAXKnhvPGAU9rWYLla3LucfXNY5UA9fZYHDEtVL1NSwupcL0sBRy', 'Nguyen Van Manh', '0398566421'),
('122362041', 'hung6998', '$2y$10$n5G5ODwEZakCao1ccNI.z.IRmNpWROMXlROmFGQ3tP8u8wpYtqUo2', 'Nguyen Van Hung', '0359144224');

--
-- Chỉ mục cho các bảng đã đổ
--

--
-- Chỉ mục cho bảng `chuyenbay`
--
ALTER TABLE `chuyenbay`
  ADD PRIMARY KEY (`idChuyenBay`),
  ADD KEY `fk_idLoTrinh` (`idLoTrinh`),
  ADD KEY `fk_group` (`tenhang`);

--
-- Chỉ mục cho bảng `datphong`
--
ALTER TABLE `datphong`
  ADD PRIMARY KEY (`orderID`),
  ADD KEY `fk_datphong1` (`IdCard`),
  ADD KEY `fk_datphong2` (`hotelID`);

--
-- Chỉ mục cho bảng `datve`
--
ALTER TABLE `datve`
  ADD PRIMARY KEY (`orderID`),
  ADD KEY `fk_userdv` (`IdCard`),
  ADD KEY `fk_chuyenbay` (`idChuyenBay`);

--
-- Chỉ mục cho bảng `failed_jobs`
--
ALTER TABLE `failed_jobs`
  ADD PRIMARY KEY (`id`);

--
-- Chỉ mục cho bảng `hangbay`
--
ALTER TABLE `hangbay`
  ADD PRIMARY KEY (`tenhang`);

--
-- Chỉ mục cho bảng `hotel`
--
ALTER TABLE `hotel`
  ADD PRIMARY KEY (`hotelID`);

--
-- Chỉ mục cho bảng `lotrinh`
--
ALTER TABLE `lotrinh`
  ADD PRIMARY KEY (`idLoTrinh`);

--
-- Chỉ mục cho bảng `migrations`
--
ALTER TABLE `migrations`
  ADD PRIMARY KEY (`id`);

--
-- Chỉ mục cho bảng `onlinepay`
--
ALTER TABLE `onlinepay`
  ADD UNIQUE KEY `account` (`IdCard`),
  ADD UNIQUE KEY `IdCard` (`account`);

--
-- Chỉ mục cho bảng `password_resets`
--
ALTER TABLE `password_resets`
  ADD KEY `password_resets_email_index` (`email`);

--
-- Chỉ mục cho bảng `users`
--
ALTER TABLE `users`
  ADD PRIMARY KEY (`IdCard`),
  ADD UNIQUE KEY `username` (`username`),
  ADD UNIQUE KEY `phone` (`phone`);

--
-- AUTO_INCREMENT cho các bảng đã đổ
--

--
-- AUTO_INCREMENT cho bảng `datphong`
--
ALTER TABLE `datphong`
  MODIFY `orderID` int(11) NOT NULL AUTO_INCREMENT, AUTO_INCREMENT=2;

--
-- AUTO_INCREMENT cho bảng `datve`
--
ALTER TABLE `datve`
  MODIFY `orderID` int(11) NOT NULL AUTO_INCREMENT, AUTO_INCREMENT=5;

--
-- AUTO_INCREMENT cho bảng `failed_jobs`
--
ALTER TABLE `failed_jobs`
  MODIFY `id` bigint(20) UNSIGNED NOT NULL AUTO_INCREMENT;

--
-- AUTO_INCREMENT cho bảng `migrations`
--
ALTER TABLE `migrations`
  MODIFY `id` int(10) UNSIGNED NOT NULL AUTO_INCREMENT, AUTO_INCREMENT=4;

--
-- Các ràng buộc cho các bảng đã đổ
--

--
-- Các ràng buộc cho bảng `chuyenbay`
--
ALTER TABLE `chuyenbay`
  ADD CONSTRAINT `fk_group` FOREIGN KEY (`tenhang`) REFERENCES `hangbay` (`tenhang`),
  ADD CONSTRAINT `fk_idLoTrinh` FOREIGN KEY (`idLoTrinh`) REFERENCES `lotrinh` (`idLoTrinh`);

--
-- Các ràng buộc cho bảng `datphong`
--
ALTER TABLE `datphong`
  ADD CONSTRAINT `fk_datphong1` FOREIGN KEY (`IdCard`) REFERENCES `users` (`IdCard`),
  ADD CONSTRAINT `fk_datphong2` FOREIGN KEY (`hotelID`) REFERENCES `hotel` (`hotelID`);

--
-- Các ràng buộc cho bảng `datve`
--
ALTER TABLE `datve`
  ADD CONSTRAINT `fk_chuyenbay` FOREIGN KEY (`idChuyenBay`) REFERENCES `chuyenbay` (`idChuyenBay`),
  ADD CONSTRAINT `fk_userdv` FOREIGN KEY (`IdCard`) REFERENCES `users` (`IdCard`);

--
-- Các ràng buộc cho bảng `onlinepay`
--
ALTER TABLE `onlinepay`
  ADD CONSTRAINT `fk_online` FOREIGN KEY (`IdCard`) REFERENCES `users` (`IdCard`);
COMMIT;

/*!40101 SET CHARACTER_SET_CLIENT=@OLD_CHARACTER_SET_CLIENT */;
/*!40101 SET CHARACTER_SET_RESULTS=@OLD_CHARACTER_SET_RESULTS */;
/*!40101 SET COLLATION_CONNECTION=@OLD_COLLATION_CONNECTION */;
